<?xml version="1.0" encoding="UTF-8"?>
<beans xmlns="http://www.springframework.org/schema/beans"
	xmlns:xsi="http://www.w3.org/2001/XMLSchema-instance"
	xmlns:p="http://www.springframework.org/schema/p"
	xmlns:c="http://www.springframework.org/schema/c"
	xmlns:context="http://www.springframework.org/schema/context"
	xsi:schemaLocation="http://www.springframework.org/schema/beans http://www.springframework.org/schema/beans/spring-beans.xsd
		http://www.springframework.org/schema/context http://www.springframework.org/schema/context/spring-context-3.1.xsd">

	<!-- Annotation 기반의 IoC 설정 -->
	<!-- base-package 의미는 com.spring.injection 패키지로 시작하는
	     모든 클래스들을 대상으로 @Component 애노테이션이 붙은 클래스들을
	     찾아라. 해당 클래스들의 객체를 메모리에 띄우라는 의미. -->
	<context:component-scan base-package="com.spring.injection" />
	
	<!-- 실제로 사용할 Speaker 타입의 클래스를 하나만 bean 으로 등록 -->
	<bean class="com.spring.injection.AppleSpeaker" />

	<!-- 스프링 컨테이너가 생성할 객체를 bean 으로 등록을 한다. -->
	<!-- id : 컨테이너가 생성한 객체들을 식별하기 위해 사용하는 이름으로
	          자바의 식별자 작성 규칙이 적용이 됨.
	          * 숫자로 시작하면 안 됨.
	          * 공백을 포함하면 안 됨.
	          * 특수기호를 사용하면 안 됨.
	     class : 패키지 경로가 포함된 클래스의 이름을 등록함.
	-->
	<!-- <bean id="speaker" class="com.spring.injection.SonySpeaker" /> -->
	
	<!--  생성자를 이용한 주입 -->
	<!-- <bean id="tv" class="com.spring.injection.SamsungTV">
		<constructor-arg ref="speaker" />
		<constructor-arg value="1500000" />
	</bean> -->
	
	<!-- setter() 메서드를 이용한 주입 -->
	<!-- <bean id="tv" class="com.spring.injection.SamsungTV">
		<property name="speaker" ref="speaker" />
		<property name="price" value="1500000" />
	</bean> -->
	
	<!-- 네임스페이스를 사용한 주입 -->
	<!-- <bean id="tv" class="com.spring.injection.SamsungTV"
		p:speaker-ref="speaker" p:price="1500000" />
	
	컬렉션에서 배열과 List 자료구조를 이용 시 주입 방법	
	<bean id="collection" class="com.spring.collection.CollectionBean" >
		<property name="addressList">
			<map>
				<entry>
					<key> <value>홍길동</value> </key>
					<value>91</value>
				</entry>
				
				<entry>
					<key> <value>세종대왕</value> </key>
					<value>100</value>
				</entry>
				
				<entry>
					<key> <value>유관순</value> </key>
					<value>93</value>
				</entry>
				
				<entry>
					<key> <value>김유신</value> </key>
					<value>77</value>
				</entry>
				
				<entry>
					<key> <value>신사임당</value> </key>
					<value>82</value>
				</entry>
			</map>
			
		</property>
	</bean> -->
	
</beans>
