<?xml version="1.0" encoding="UTF-8"?>

<!-- 
	DTD(Document Type Definition)
    - 작성한 문서가 어떤 문서인지에 대해서 정의해 놓은 것.
    - 하나의 시스템 내에서 사용할 XML 데이터의 구조를 정의하여
      유효성을 점검 시 사용하는 태그.
 -->

<!DOCTYPE mapper
    PUBLIC "-//mybatis.org//DTD Mapper 3.0//EN"
    "https://mybatis.org/dtd/mybatis-3-mapper.dtd">
<!-- 
	- namespace 명은 패키지명을 포함해서 DAO 인터페이스를
	  이름으로 작성하는 것이 관례임.
    - namespace 명은 mapper 들을 구분하는데 식별자로 사용함.
 -->
<mapper namespace="com.spring.model.MemberDAO">

	<select id="all" resultType="com.spring.model.Member">
		select * from member10 order by num desc
	</select>
	
	<insert id="add" parameterType="com.spring.model.Member">
		insert into member10 values(
			(select max(num) from member10) + 1,
			#{memid}, #{memname}, #{pwd},
			#{age}, #{mileage}, #{job}, #{addr}, sysdate)
	</insert>
	
	<select id="cont" parameterType="int"
				resultType="com.spring.model.Member">
		select * from member10 where num = #{num}	
	</select>
	
	
	<select id="search" parameterType="map"
				resultType="com.spring.model.Member">
		
		select * from member10
		
		<if test="Field == 'name'">
			where memname
		</if>
		
		<if test="Field == 'job'">
			where job
		</if>
		
		<if test="Field == 'addr'">
			where addr
		</if>
		
			like '%' || #{Keyword}  || '%'
			order by num desc
		
	</select>


</mapper>