<?xml version="1.0" encoding="UTF-8" standalone="no"?>
<qualifiedTypeNameHistroy>
    <fullyQualifiedTypeName name="com.spring.model.EmpDAO"/>
    <fullyQualifiedTypeName name="javax.inject.Inject"/>
    <fullyQualifiedTypeName name="com.spring.model.DeptDTO"/>
    <fullyQualifiedTypeName name="com.spring.model.EmpDTO"/>
    <fullyQualifiedTypeName name="org.springframework.stereotype.Repository"/>
    <fullyQualifiedTypeName name="org.mybatis.spring.SqlSessionTemplate"/>
    <fullyQualifiedTypeName name="com.mybatis.model.BoardDAO"/>
    <fullyQualifiedTypeName name="java.lang.Integer"/>
    <fullyQualifiedTypeName name="javax.servlet.http.HttpServletResponse"/>
    <fullyQualifiedTypeName name="java.io.PrintWriter"/>
    <fullyQualifiedTypeName name="org.springframework.validation.BindingResult"/>
    <fullyQualifiedTypeName name="java.util.List"/>
    <fullyQualifiedTypeName name="com.mybatis.model.BoardDTO"/>
    <fullyQualifiedTypeName name="javax.servlet.http.HttpServletRequest"/>
    <fullyQualifiedTypeName name="org.springframework.beans.factory.annotation.Autowired"/>
    <fullyQualifiedTypeName name="org.springframework.web.bind.annotation.RequestParam"/>
    <fullyQualifiedTypeName name="org.springframework.stereotype.Component"/>
    <fullyQualifiedTypeName name="org.springframework.stereotype.Service"/>
    <fullyQualifiedTypeName name="org.springframework.web.multipart.MultipartHttpServletRequest"/>
    <fullyQualifiedTypeName name="org.springframework.ui.Model"/>
    <fullyQualifiedTypeName name="java.util.Calendar"/>
    <fullyQualifiedTypeName name="java.util.Iterator"/>
    <fullyQualifiedTypeName name="org.springframework.web.multipart.MultipartFile"/>
    <fullyQualifiedTypeName name="java.lang.System"/>
    <fullyQualifiedTypeName name="java.io.File"/>
    <fullyQualifiedTypeName name="java.lang.Long"/>
    <fullyQualifiedTypeName name="org.junit.Test"/>
    <fullyQualifiedTypeName name="java.lang.AssertionError"/>
    <fullyQualifiedTypeName name="junit.framework.Assert"/>
    <fullyQualifiedTypeName name="java.util.Dictionary"/>
    <fullyQualifiedTypeName name="com.core.member.Member"/>
    <fullyQualifiedTypeName name="com.core.order.Order"/>
    <fullyQualifiedTypeName name="com.core.member.Grade"/>
    <fullyQualifiedTypeName name="com.core.discount.RateDiscountPolicy"/>
    <fullyQualifiedTypeName name="com.core.member.MemberService"/>
    <fullyQualifiedTypeName name="com.core.member.MemberServiceImpl"/>
    <fullyQualifiedTypeName name="com.core.member.MemerRepository"/>
    <fullyQualifiedTypeName name="com.core.discount.DiscountPoilicy"/>
    <fullyQualifiedTypeName name="com.core.order.OrderService"/>
    <fullyQualifiedTypeName name="com.core.order.OrderServiceImpl"/>
    <fullyQualifiedTypeName name="com.core.member.MemberRepository"/>
    <fullyQualifiedTypeName name="com.core.member.MemoryMemberRepository"/>
    <fullyQualifiedTypeName name="com.core.discount.FixDiscountPolicy"/>
    <fullyQualifiedTypeName name="com.spring.di05.Car"/>
    <fullyQualifiedTypeName name="lombok.Data"/>
    <fullyQualifiedTypeName name="lombok.NoArgsConstructor"/>
    <fullyQualifiedTypeName name="lombok.AllArgsConstructor"/>
    <fullyQualifiedTypeName name="com.spring.di05.CarImpl"/>
    <fullyQualifiedTypeName name="com.mybatis.model.PageDTO"/>
    <fullyQualifiedTypeName name="java.util.HashMap"/>
    <fullyQualifiedTypeName name="java.util.Map"/>
    <fullyQualifiedTypeName name="org.springframework.stereotype.Controller"/>
    <fullyQualifiedTypeName name="org.springframework.web.bind.annotation.RequestMapping"/>
    <fullyQualifiedTypeName name="org.springframework.web.bind.annotation.ResponseBody"/>
    <fullyQualifiedTypeName name="java.io.IOException"/>
    <fullyQualifiedTypeName name="java.net.URLEncoder"/>
    <fullyQualifiedTypeName name="java.net.URL"/>
    <fullyQualifiedTypeName name="java.net.HttpURLConnection"/>
    <fullyQualifiedTypeName name="java.io.BufferedReader"/>
    <fullyQualifiedTypeName name="java.io.InputStreamReader"/>
</qualifiedTypeNameHistroy>
