<?xml version="1.0" encoding="UTF-8"?>
<beans xmlns="http://www.springframework.org/schema/beans"
	xmlns:xsi="http://www.w3.org/2001/XMLSchema-instance"
	xsi:schemaLocation="http://www.springframework.org/schema/beans http://www.springframework.org/schema/beans/spring-beans.xsd">

	<bean id="player1" class="com.spring.di06.Player">
		<constructor-arg value="류현진" />
		<constructor-arg value="38" />
		<constructor-arg>
			<list>
				<value>9번타자</value>
				<value>투수</value>
			</list>
		</constructor-arg>
		<constructor-arg value="113" />
		<constructor-arg value="191" />
	</bean>
	
	<bean id="info" class="com.spring.di06.PlayerInfo">
		<constructor-arg>
			<ref bean="player1" />
		</constructor-arg>
	</bean>
	
</beans>
