<?xml version="1.0" encoding="UTF-8"?>
<beans xmlns="http://www.springframework.org/schema/beans"
	xmlns:xsi="http://www.w3.org/2001/XMLSchema-instance"
	xsi:schemaLocation="http://www.springframework.org/schema/beans http://www.springframework.org/schema/beans/spring-beans.xsd">

	<!-- setter() 메서드로 데이터 주입하는 방법 -->
	<bean id="person1" class="com.spring.di4.Person">
		<property name="name" value="홍길동" />
		<property name="juminNo" value="881212-1234567" />
		<property name="gender" value="남자" />
		<property name="age" value="27" />
		<property name="phone" value="010-1111-1234" />
	</bean>
	
	<!-- 인자 생성자로 데이터를 주입하는 방법 -->
	<bean id="person2" class="com.spring.di4.Person">
		<constructor-arg value="유관순" />
		<constructor-arg value="120610-2345678" />
		<constructor-arg value="여자" />
		<constructor-arg value="19" />
		<constructor-arg value="010-2222-2345" />
	</bean>
	
	<bean id="info" class="com.spring.di4.PersonInfo">
		<constructor-arg>
			<ref bean="person1" />
		</constructor-arg>
	
	</bean>
	
	
	
</beans>








