<?xml version="1.0" encoding="UTF-8"?>
<beans xmlns="http://www.springframework.org/schema/beans"
	xmlns:xsi="http://www.w3.org/2001/XMLSchema-instance"
	xsi:schemaLocation="http://www.springframework.org/schema/beans http://www.springframework.org/schema/beans/spring-beans.xsd">

	<!-- 스프링 컨테이너가 생성할 객체를 bean으로 등록 -->
	<bean id="sony" class="com.spring.di.SonySpeaker" />
	
	<bean id="apple" class="com.spring.di.AppleSpeaker" />
	
	<bean id="tv" class="com.spring.di.SamsungTV" >
		<constructor-arg ref="sony" />
	</bean>
	
	<!-- 
	    <beans> 자식 엘리먼트 기초
	    - <bean> 태그 : 중요함.
	                   - 클래스를 등록하면 스프링 컨테이너는 <bean> 태그로
	                                          등록한 클래스를 컨테이너가 xml 파일을 읽자마자
	                                          무조건 해당 객체를 메모리로 띄우는 역할을 하는 태그임.
	                   - 스프링 컨테이너는 기본적으로 등록된 순서대로
	                                          객체를 생성함. 
	                   - 객체를 생성할 때에는 클래스의 기본 생성자를 호출함.
	
	    <bean> 엘리먼트의 주요 속성.
	    - class 속성(필수) : 패키지 경로가 포함된 클래스의 이름을 등록함.
	    - id : 컨테이너가 생성한 객체들을 식별하기 위해 사용하는 이름으로
	                      자바의 식별자 규칙이 적용이 됨.
	           * 숫자로 시작해서는 안 됨.  * 공백을 포함해서는 안 됨.
	           * 특수 기호를 사용하면 안 됨.
	           
	                         ※ 유니크(고유)한 식별자를 주어야 확인이 가능함.
	 -->

</beans>
