<?xml version="1.0" encoding="UTF-8"?>

<!-- 
	DTD(Document Type Definition)
	- 작성한 문서가 어떤 문서인지에 대해서 정의해 놓은 것.
	- 하나의 시스템 내에서 사용할 XML 데이터의 구조를 정의하여
	    유효성을 점검 시 사용하는 태그.
 -->
 
<!DOCTYPE mapper
  PUBLIC "-//mybatis.org//DTD Mapper 3.0//EN"
  "https://mybatis.org/dtd/mybatis-3-mapper.dtd">
  
<mapper namespace="com.boot.product.model.ProductMapper">

	<select id="list" resultType="product">
		select * from products order by pnum desc
	</select>
	
	
	<select id="cateList" resultType="category">
		select * from category order by cnum
	</select>
	
	<insert id="add" parameterType="product">
		insert into products values(
			(select nvl(max(pnum),0) from products) + 1,
			#{category_fk}, #{products_name}, #{ep_code_fk}, 
			#{input_price}, #{output_price}, 
			#{trans_cost}, #{mileage}, #{company})
	</insert>
	
	<select id="cont" parameterType="int" resultType="product">
		select * from products where pnum = #{no}
	</select>
	
	<update id="modify" parameterType="product">
		update products set input_price = #{input_price},
				output_price = #{output_price},
				trans_cost = #{trans_cost},
				mileage = #{mileage} where pnum = #{pnum}
	</update>
	
	<delete id="del" parameterType="int">
		delete from products where pnum = #{no}
	</delete>
	
	<update id="seq">
		<![CDATA[
			update products set pnum = pnum - 1 
				where pnum > #{no}
		]]>
	</update>
</mapper>