<?xml version="1.0" encoding="UTF-8"?>

<!DOCTYPE mapper
  PUBLIC "-//mybatis.org//DTD Mapper 3.0//EN"
  "https://mybatis.org/dtd/mybatis-3-mapper.dtd">
  
<mapper namespace="dao">

	<select id="list" resultType="product">
		select * from products order by pnum desc	
	</select>
	
	<select id="category" resultType="category">
		select * from category order by cnum desc
	</select>
	
	
	<!-- 
	        일반적으로 DB 작업을 하다 보면 먼저 사전에 어떤 값을 가져와서 해당 값을
	        증가시킨 후 DB에 저장하거나, 혹은 입력된 후에 증가값을 가져올 필요가 
	        있는 경우가 많이 발생을 함.
	        이런 경우에는 MyBatis에서 제공하는 selectKey 라는 태그를 이용하여
	        별도의 쿼리 로직을 사용할 필요 없이 일괄 처리 작업을 할 수 있게 해 줌.
	        
	        * keyProperty 속성 : 해당 결과 값이 들어갈 DTO 객체의
	                                                       멤버변수명을 작성하면 됨.
	        * order 속성 : 해당 쿼리문의 실행 순서를 의미함.
	           - BEFORE : 원래 실행할 쿼리문 이전에 selectKey
	                                            태그가 실행이 됨.
	           - AFTER : 원래 실행할 쿼리문 이후에 selectKey
	                                          태그가 실행이 됨.
	   
	         ※ 주의사항 : 반드시 멤버변수에 해당하는 setter() 메서드와 
	               getter() 메서드가 정의되어 있어야 함.
	 -->

	
	<insert id="add" parameterType="product">
		<selectKey resultType="int"
				keyProperty="pnum" order="BEFORE">
			select count(pnum) from products
		</selectKey>
		
		insert into products values(
			#{pnum} + 1, #{category_fk}, #{products_name},
			#{ep_code_fk}, #{input_price}, #{output_price},
			#{trans_cost}, #{mileage}, #{company})
	</insert>
	
	
	<select id="cont" parameterType="int" resultType="product">
		select * from products where pnum = #{pnum}
	</select>
	
	<update id="edit" parameterType="product">
		update products set input_price = #{input_price},
				output_price = #{output_price},
				trans_cost = #{trans_cost},
				mileage = #{mileage} where pnum = #{pnum}
	</update>
	
	<delete id="del" parameterType="int">
		delete from products where pnum = #{pnum}
	</delete>


	<update id="seq" parameterType="int">
	   <![CDATA[
	   		update products set pnum = pnum - 1 
	   				where pnum > #{pnum}
	   ]]>
	
	</update>


</mapper>