[
	{
		"title" : "이것이 자바다",
		"author" : "신용권",
		"price" : "30,000"
	},

	{
		"title" : "Do it! 오라클로 배우는 데이터베이스 입문",
		"author" : "이지훈",
		"price" : "25,000"
	},
	
	{
		"title" : "Do it! HTML+CSS3 웹 표준의 정석",
		"author" : "고경희",
		"price" : "고경희"
	},
	
	{
		"title" : "최범균의 JSP 2.3 웹 프로그래밍",
		"author" : "최범균",
		"price" : "27,000"
	},
	
	{
		"title" : "초보 웹 개발자를 위한 스프링 프로그래밍 입문",
		"author" : "최범균",
		"price" : "28,000"
	}
	
]
