<?xml version="1.0" encoding="UTF-8"?>

<books>

	<book>
		<title>이것이 자바다</title>
		<author>신용권</author>
		<price>36,000</price>
	</book>

	<book>
		<title>Do it! 오라클로 배우는 데이터베이스 입문</title>
		<author>이지훈</author>
		<price>25,000</price>
	</book>
	
	<book>
		<title>Do it! HTML+CSS3 웹 표준의 정석</title>
		<author>고경희</author>
		<price>28,000</price>
	</book>
	
	<book>
		<title>최범균의 JSP 2.3 웹 프로그래밍</title>
		<author>최범균</author>
		<price>27,000</price>
	</book>
	
	<book>
		<title>초보 웹 개발자를 위한 스프링 프로그래밍 입문</title>
		<author>최범균</author>
		<price>28,000</price>
	</book>

</books>