<?xml version="1.0" encoding="UTF-8"?>
<beans xmlns="http://www.springframework.org/schema/beans"
	xmlns:xsi="http://www.w3.org/2001/XMLSchema-instance"
	xmlns:context="http://www.springframework.org/schema/context"
	xmlns:aop="http://www.springframework.org/schema/aop"
	xsi:schemaLocation="http://www.springframework.org/schema/beans http://www.springframework.org/schema/beans/spring-beans.xsd
		http://www.springframework.org/schema/context http://www.springframework.org/schema/context/spring-context-3.1.xsd
		http://www.springframework.org/schema/aop http://www.springframework.org/schema/aop/spring-aop-3.1.xsd">

	<context:component-scan base-package="com.spring" />
	
	<!-- 횡단 관심에 해당하는 Advice 클래스를 Bean으로 등록을 하자 -->
	<bean id="log" class="com.spring.model.LogAdvice" />
	<bean id="afterReturning" class="com.spring.model.AfterReturningAdvice" />
	<bean id="afterThrowing" class="com.spring.model.AfterThrowingAdvice" />
	<bean id="around" class="com.spring.model.AroundAdvice" />
	
	<!-- AOP 설정 -->
	<!-- 여기서부터 AOP를 설정하겠다는 의미. -->
	<aop:config>
		<aop:pointcut id="allPointcut" 
			expression="execution(* com.spring..*Impl.*(..))" />
			
		<aop:pointcut id="getPointcut" 
			expression="execution(* com.spring..*Impl.get*(..))" />
		
		<aop:aspect ref="log">
			<aop:before method="printLog" pointcut-ref="allPointcut" />
		</aop:aspect>
		
	
		<aop:aspect ref="afterReturning">
			<aop:after-returning method="afterLog" pointcut-ref="getPointcut"
						returning="returnObj" />
		</aop:aspect>
		
		
		<aop:aspect ref="afterThrowing">
			<aop:after-throwing method="exceptionLog" pointcut-ref="allPointcut"
						throwing="exceptionObj" />
		</aop:aspect>
		
		
		<aop:aspect ref="around">
			<aop:around method="aroundLog" pointcut-ref="allPointcut" />
		</aop:aspect>
		
	</aop:config>
	<!-- 여기서 AOP를 종료하곘다는 의미. -->
</beans>
