<?xml version="1.0" encoding="UTF-8"?>

<!-- 
	DTD(Document Type Definition)
	- 작성한 문서가 어떤 문서인지에 대해서 정의해 놓은 것.
    - 하나의 시스템 내에서 사용할 XML 데이터의 구조를 정의하여
            유효성을 점검 시 사용하는 태그.
 -->
 
<!DOCTYPE mapper
  PUBLIC "-//mybatis.org//DTD Mapper 3.0//EN"
  "https://mybatis.org/dtd/mybatis-3-mapper.dtd">

<!-- namespace 명은 패키지명을 포함해서 DAO 인터페이스 이름으로
          작성하는 것이 관례임.
     namespace 명은 mapper 들을 구분하는데 식별자로 사용이 됨.     
-->
  
<mapper namespace="com.member.model.MemberDAO">

	<select id="all" resultType="com.member.model.MemberDTO">
		select * from member10 order by num desc
	</select>
	
	
	<insert id="add" parameterType="com.member.model.MemberDTO">
		insert into member10 values(
			(select max(num) from member10) + 1,
			#{memid}, #{memname}, #{pwd}, #{age},
			#{mileage}, #{job}, #{addr}, sysdate)
	</insert>
	
	
	<select id="cont" parameterType="int" 
				resultType="com.member.model.MemberDTO">
		select * from member10 where num = #{num}
	</select>
	
	
	<update id="edit" parameterType="com.member.model.MemberDTO">
		update member10 set age = #{age},
			mileage = #{mileage}, job = #{job},
			addr = #{addr} where num = #{num}
	</update>
	
	
	<delete id="del" parameterType="int">
		delete from member10 where num = #{no}
	</delete>
	
	
	<update id="seq" parameterType="int">
		<![CDATA[
			update member10 set num = num - 1 where num > #{num}
		]]>
	</update>
	
	<!-- 형식) <![CDATA[쿼리문]]> 
	    쿼리문을 작성할 때 조건식 기호(>, <, &)를 사용해야 하는데
	  XML에서는 이러한 기호들을 쿼리문의 조건식 기호로 인식하는
	    것이 아니라 태그로 인식하는 경우가 발생함. 이런 경우에는
	    에러가 발생함. 따라서 조건식 기호들을 단순한 문자열로 인식을
	    시켜주어야 함.
	
	
	 -->
	
  
</mapper>