<?xml version="1.0" encoding="UTF-8"?>
<section name="Workbench">
	<section name="NewWizardAction">
		<item key="NewWizardSelectionPage.STORE_SELECTED_ID" value="org.eclipse.jst.jsp.ui.internal.wizard.NewJSPWizard"/>
		<list key="NewWizardSelectionPage.STORE_EXPANDED_CATEGORIES_ID">
			<item value="org.eclipse.wst.web.ui"/>
		</list>
	</section>
	<section name="ImportExportAction">
		<item key="ImportExportPage.STORE_SELECTED_IMPORT_WIZARD_ID" value="org.eclipse.ui.wizards.import.ExternalProject"/>
		<list key="ImportExportPage.STORE_EXPANDED_IMPORT_CATEGORIES">
			<item value="org.eclipse.ui.Basic"/>
		</list>
	</section>
	<section name="org.eclipse.ui.internal.QuickAccess">
		<item key="dialogHeight" value="-1"/>
		<item key="dialogWidth" value="-1"/>
		<list key="orderedElements">
		</list>
		<list key="orderedProviders">
		</list>
		<list key="textEntries">
		</list>
		<list key="textArray">
		</list>
	</section>
	<section name="WorkbenchPreferenceDialogSettings">
		<item key="DIALOG_X_ORIGIN" value="627"/>
		<item key="DIALOG_Y_ORIGIN" value="132"/>
	</section>
</section>
