<?xml version="1.0" encoding="UTF-8"?>

<!DOCTYPE mapper
  PUBLIC "-//mybatis.org//DTD Mapper 3.0//EN"
  "https://mybatis.org/dtd/mybatis-3-mapper.dtd">
  
<mapper namespace="com.boot.product.model.ProductMapper">

	<select id="list" resultType="product">
		select * from products order by pnum desc
	</select>
	
	<select id="category" resultType="category">
		select * from category order by cnum
	</select>
	
	<insert id="add" parameterType="product">
		insert into products values(
			(select nvl(max(pnum), 0) from products) + 1,
			#{category_fk}, #{products_name}, #{ep_code_fk},
			#{input_price}, #{output_price},
			#{trans_cost}, #{mileage}, #{company}
		)
	</insert>
	
	
	<select id="cont" parameterType="int" resultType="product">
		select * from products where pnum = #{pnum}
	</select>
	
	
	<update id="modify" parameterType="product">
		update products set input_price = #{input_price},
			output_price = #{output_price},
			trans_cost = #{trans_cost},
			mileage = #{mileage} where pnum = #{pnum}
	</update>
	
	<delete id="delete" parameterType="int">
		delete from products where pnum = #{pnun}
	</delete>
	
	
	<update id="seq" parameterType="int">
		<![CDATA[
			update products set pnum = pnum - 1
					where pnum > #{pnum}
		]]>
	</update>

</mapper>