<?xml version="1.0" encoding="UTF-8"?>

<!-- 
	DTD(Document Type Definition)
	- 작성한 문서가 어떤 문서인지에 대해서 정의해 놓은 것.
	- 하나의 시스템 내에서 사용할 XML 데이터의 구조를 정의하여
	    유효성을 점검 시 사용하는 태그.
 -->
 
<!DOCTYPE mapper
  PUBLIC "-//mybatis.org//DTD Mapper 3.0//EN"
  "https://mybatis.org/dtd/mybatis-3-mapper.dtd">
  
<mapper namespace="com.boot.board.model.BoardMapper">

	<select id="cnt" resultType="int">
		select count(*) from board
	</select>
	
	<select id="list" parameterType="pageVo">
	
			select * from
				(select row_number()
					over(order by board_no desc) rnum, b.* from board b)
						where rnum between #{startNo} and #{endNo}
	
	</select>
	
	<insert id="add" parameterType="boardVo">
		insert into board values(
			(select nvl(max(board_no), 0) from board) + 1,
			#{board_writer}, #{board_title},
			#{board_cont}, #{board_pwd}, default, sysdate, '')
	</insert>
	
	
	<update id="read" parameterType="int">
		update board set board_hit = board_hit + 1
			where board_no = #{no}
	</update>
	
	
	<select id="cont" parameterType="int" resultType="boardVo">
		select * from board where board_no = #{no}
	</select>
	
	<update id="edit" parameterType="boardVo">
		update board set board_title = #{board_title},
			board_cont = #{board_cont}, board_update = sysdate
			where board_no = #{board_no}
	</update>
	
	<delete id="del" parameterType="int">
		delete from board where board_no = #{no}
	</delete>
	
	
	<update id="seq" parameterType="int">
		<![CDATA[
			update board set board_no = board_no - 1
					where board_no > #{no}
		]]>
	</update>
	
	<select id="searchCount" parameterType="map" resultType="int">
		select count(*) from board
		
		<choose>
			<when test="field == 'title'">
				where board_title
			</when>
			
			<when test="field == 'cont'">
				where board_cont
			</when>
			
			<when test="field == 'writer'">
				where board_writer
			</when>
		</choose>
			like '%' || #{keyword} || '%'
	</select>
	
	<select id="search" parameterType="pageVo" resultType="boardVo">
		select * from
			(select row_number() 
				over(order by board_no desc) rnum, b.* from board b
				
				<choose>
					<when test="field == 'title'">
						where board_title
					</when>
					
					<when test="field == 'cont'">
						where board_cont
					</when>
					
					<when test="field == 'writer'">
						where board_writer
					</when>
				</choose>
				
				<![CDATA[
					like '%' || #{keyword} || '%')
						where rnum between #{startNo} and #{endNo}
				]]>
				
	</select>
	
</mapper>