[
	{
		"title" : "혼자 공부하는 자바",
		"author" : "신용권",
		"price" : "28,000원"
	},
	
	{
		"title" : "Do it! MySQL로 배우는 데이터베이스 입문",
		"author" : "강성욱",
		"price" : "25,000원"
	},
	
	{
		"title" : "Do it! HTML + CSS3 웹 표준의 정석",
		"author" : "고경희",
		"price" : "26,000원"
	},
	
	{
		"title" : "최범균의 JSP 2.3 웹 프로그래밍",
		"author" : "최범균",
		"price" : "27,000원"
	},
	
	{
		"title" : "코드로 배우는 스프링 웹 프로젝트",
		"author" : "구멍가게 코딩단",
		"price" : "38,000원"
	}

]