[
	{
	   "title" : "이것이 자바다",
	   "author" : "신용권",
	   "price" : "36,000원"
	},
	
	{
	   "title" : "오라클로 배우는 데이터베이스 입문",
	   "author" : "이지훈",
	   "price" : "25,000원"
	},
	
	{
	   "title" : "HTMl + CSS 웹 표준의 정석",
	   "author" : "고격희",
	   "price" : "26,000원"
	},
	
	{
	   "title" : "최범균의 JSP 2.3 웹 프로그래밍",
	   "author" : "최범균",
	   "price" : "27,000원"
	},
	
	{
	   "title" : "코드로 배우는 스프링 웹 프로젝트",
	   "author" : "구멍가게 코딩단",
	   "price" : "38,000원"
	}

]