<?xml version="1.0" encoding="UTF-8"?>

<books>

	<book>
		<title>혼자 공부하는 자바</title>
		<author>신용권</author>
		<price>28,000원</price>
	</book>

	<book>
		<title>Do it! MySQL로 배우는 데이터베이스 입문</title>
		<author>강성욱</author>
		<price>25,000원</price>
	</book>
	
	<book>
		<title>Do it! HTML + CSS3 웹 표준의 정석</title>
		<author>고경희</author>
		<price>26,000원</price>
	</book>
	
	<book>
		<title>최범균의 JSP 2.3 웹 프로그래밍</title>
		<author>최범균</author>
		<price>27,000원</price>
	</book>
	
	<book>
		<title>코드로 배우는 스프링 웹 프로젝트</title>
		<author>구멍가게 코딩단</author>
		<price>38,000원</price>
	</book>

</books>