<?xml version="1.0" encoding="UTF-8"?>

<!-- DTD(Document Type Definition)
     - 작성한 문서가 어떤 문서인지에 대해서 정의해 놓은 파일.
     - 하나의 시스템 내에서 사용할 XML 데이터의 구조를 정의하여
              유효성을 점검 시 사용하는 태그.   
-->

<!DOCTYPE mapper
  PUBLIC "-//mybatis.org//DTD Mapper 3.0//EN"
  "https://mybatis.org/dtd/mybatis-3-mapper.dtd">
  
<mapper namespace="com.member.model.MemberDAO">

	<!-- resultType
	     - 한 행(row)을 어떤 타입으로 매핑할 것인가를 의미함.     
	-->
	<select id="all" resultType="com.member.model.Member">
		select * from member order by memno desc
	</select>

	<insert id="add" parameterType="com.member.model.Member">
		insert into member values(
			(select count(memno) from member) + 1,
			#{memid}, #{memname}, #{mempwd}, #{age},
			#{mileage}, #{job}, #{addr}, sysdate)
	</insert>
	
	
	<select id="cont" parameterType="int" 
							resultType="com.member.model.Member">
		select * from member where memno = #{memno}
	</select>
	
	<update id="edit" parameterType="com.member.model.Member">
		update member set age = #{age},
					mileage = #{mileage}, job = #{job},
					addr = #{addr} where memno = #{memno}
	</update>
	
	
	<delete id="del" parameterType="int">
		delete from member where memno = #{memno}
	</delete>
	
	
	<update id="seq" parameterType="int">
		<![CDATA[
			update member set memno = memno - 1 where memno > #{memno }
		]]>
	</update>
	
	<!-- 
	    <![CDATA[쿼리문]]>
	    - 쿼리문을 작성할 때 조건식 기호(<, >, &)를 사용해야 하는데
	      XML 에서는 이러한 기호들을 쿼리문의 조건식 기호로 인식하는 것이 아니라
	            단순한 태그로 인식하는 경우가 발생함.
	            이러한 경우에는 쿼리문이 실행이 안 되고 에러가 발생함.
	            따라서 이러한 조건식 기호들을 단순한 문자열로 인식을 시켜주어야 할 때
	            사용하는 문장
	 -->
	 
	 <select id="search" parameterType="map"
	 				resultType="com.member.model.Member">
	 	select * from member
	 	
	 		<if test="Field == 'id'">
	 			where memid
	 		</if>
	 		
	 		<if test="Field == 'name'">
	 			where memname
	 		</if>
	 		
	 		<if test="Field == 'job'">
	 			where job
	 		</if>
	 		
	 		<if test="Field == 'addr'">
	 			where addr
	 		</if>
	 		
	 		like '%' || #{Keyword} || '%'
	 		order by memno desc
	 </select>
	

</mapper>