<?xml version="1.0" encoding="UTF-8"?>

<!DOCTYPE mapper
  PUBLIC "-//mybatis.org//DTD Mapper 3.0//EN"
  "https://mybatis.org/dtd/mybatis-3-mapper.dtd">
  
<mapper namespace="com.boot.member.model.MemberMapper">

	<select id="list" resultType="memberVo">
		select * from member10 order by num desc
	</select>
	
	<insert id="add" parameterType="memberVo">
		insert into member10 values(
		   (select nvl(max(num), 0) + 1 from member10),
		   #{memid}, #{memname}, #{pwd}, #{age},
		   #{mileage}, #{job}, #{addr}, sysdate)
	</insert>

	<select id="cont" parameterType="int" resultType="memberVo">
		select * from member10 where num = #{num}
	</select>
	
	
	<update id="modify" parameterType="memberVo">
		update member10 set age = #{age}, mileage = #{mileage},
		       job = #{job}, addr = #{addr}
		       where num = #{num}
	</update>
	
	<delete id="del" parameterType="int">
		delete from member10 where num = #{num}
	</delete>
	
	
	<select id="seq" parameterType="int">
		<![CDATA[
			update member10 set num = num - 1
				where num > #{num}
		]]>
	</select>
	
	<select id="search" parameterType="map" resultType="memberVo">
	
		select * from member10
		
		<choose>
			<when test="field == 'name'">
				where memname
			</when>
			
			<when test="field == 'job'">
				where job
			</when>
			
			<when test="field == 'addr'">
				where addr
			</when>
		</choose>
		
			like '%' || #{keyword} || '%'
				order by num desc
	
	</select>
	
	
	
	
	

</mapper>