<?xml version="1.0" encoding="UTF-8"?>

<!DOCTYPE mapper
    PUBLIC "-//mybatis.org//DTD Mapper 3.0//EN"
    "https://mybatis.org/dtd/mybatis-3-mapper.dtd">

<mapper namespace="empDao">

	<select id="list" resultType="empDto">
		select * from emp order by empno desc
	</select>
	
	<select id="jobList" resultType="String">
		select distinct(job) from emp order by job
	</select>
	
	<select id="mgrList" resultType="empDto">
		select * from emp
			where empno in (select distinct(mgr) from emp)
	</select>
	
	<select id="deptList" resultType="deptDto">
		select * from dept order by deptno
	</select>
	
	
	<insert id="add" parameterType="empDto">
		insert into emp values(
			#{empno}, #{ename}, #{job}, #{mgr},
			sysdate, #{sal}, #{comm}, #{deptno}
		)
	</insert>
	
	<select id="cont" parameterType="int" resultType="empDto">
		select * from emp where empno = #{no}
	</select>
	
	
	<update id="modify" parameterType="empDto">
		update emp set job = #{job}, mgr = #{mgr},
				sal = #{sal}, comm = #{comm},
				deptno = #{deptno} where empno = #{empno}
	</update>
	
	<delete id="del" parameterType="int">
		delete from emp where empno = #{no}
	</delete>
	
	
	
	
	
</mapper>