[
	{
		"title" : "Java의 정석",
		"author" : "남궁성",
		"price" : "30,000"
	},

    {
		"title" : "오라클 SQL과 PL/SQL",
		"author" : "서진수",
		"price" : "32,000"
	},
	
	{
		"title" : "Do it! HTML+CSS3 웹 표준의 정석",
		"author" : "고경희",
		"price" : "28,000"
	},
	
	{
		"title" : "최범균의 JSP 2.3 웹 프로그래밍",
		"author" : "최범균",
		"price" : "27,000"
	},
	
	{
		"title" : "초보 웹 개발자를 위한 스프링 프로그래밍 입문",
		"author" : "최범균",
		"price" : "27,000"
	}

]