<?xml version="1.0" encoding="UTF-8"?>

<!-- 
	DTD(Document Type Definition)
	- 작성한 문서가 어떤 문서인지에 대해서 정의해 놓은 것.
	- 하나의 시스템 내에서 사용할 XML 데이터의 구조를 정의하여
	    유효성을 점검 시 사용하는 태그.
 -->
 
<!DOCTYPE mapper
  PUBLIC "-//mybatis.org//DTD Mapper 3.0//EN"
  "https://mybatis.org/dtd/mybatis-3-mapper.dtd">
  

<mapper namespace="empdao">

	<select id="all" resultType="empdto">
		select * from emp order by hiredate desc
	</select>
	
	
	<select id="jobList" resultType="String">
		select distinct(job) from emp order by job
	</select>
	
	
	<select id="mgrList" resultType="empdto">
		select * from emp
			where empno in (select distinct(mgr) from emp)
	</select>
	
	
	<select id="deptList" resultType="deptdto">
		select * from dept order by deptno
	</select>
	
	
	<insert id="add" parameterType="empdto">
		insert into emp values
			(#{empno}, #{ename}, #{job}, #{mgr},
			 sysdate, #{sal}, #{comm}, #{deptno})
	</insert>
	
	
	<select id="cont" parameterType="int" resultType="empdto">
		select * from emp where empno = #{no}
	</select>
	
	
	<update id="edit" parameterType="empdto">
		update emp set job = #{job}, mgr = #{mgr},
			sal = #{sal}, comm = #{comm},
			deptno = #{deptno} where empno = #{empno}
	</update>
	
	
	<delete id="del" parameterType="int">
		delete from emp where empno = #{no}
	</delete>

</mapper>