<?xml version="1.0" encoding="UTF-8"?>

<!DOCTYPE mapper
  PUBLIC "-//mybatis.org//DTD Mapper 3.0//EN"
  "https://mybatis.org/dtd/mybatis-3-mapper.dtd">
  
<mapper namespace="com.boot.board.model.BoardMapper">

	<select id="count" resultType="int">
		select count(board_no) from board
	</select>
	
	
	<select id="list" parameterType="page" resultType="board">
		<![CDATA[
			select * from
				(select row_number()
					over(order by board_no desc) rnum, b.* from board b)
						where rnum >= #{startNo} and rnum <= #{endNo}
		]]>
	
	</select>
	
	
	<insert id="add" parameterType="board">
		<selectKey resultType="int"
			keyProperty="board_no" order="BEFORE">
			select max(board_no) from board
		</selectKey>
		
		insert into board values(#{board_no} + 1,
			#{board_writer}, #{board_title}, 
			#{board_cont}, #{board_pwd}, default, sysdate, '')
	</insert>
	
	
	<update id="read" parameterType="int">
		update board set board_hit = board_hit + 1
		where board_no = #{no}
	</update>
	
	
	<select id="cont" parameterType="int" resultType="board">
		select * from board where board_no = #{no}
	</select>
	
	
	<update id="edit" parameterType="board">
		update board set board_title = #{board_title},
			board_cont = #{board_cont}, board_update = sysdate
			where board_no = #{board_no}
	</update>
	
	
	<delete id="del" parameterType="int">
		delete from board where board_no = #{no}
	</delete>
	
	
	<update id="seq" parameterType="int">
	   <![CDATA[
			update board set board_no = board_no - 1
				where board_no > #{no}
	   ]]>
	</update>
	
	
	<select id="scount" parameterType="map" resultType="int">
		select count(*) from board
	
		<choose>
			<when test="field == 'title'">
				where board_title
			</when>
		
			<when test="field == 'cont'">
				where board_cont
			</when>
			
			<when test="field == 'writer'">
				where board_writer
			</when>
				
		</choose>
				like '%' || #{keyword} || '%'
	</select>
	
	
	<select id="search" parameterType="page" resultType="board">
		select * from
			(select row_number()
				over(order by board_no desc) rnum, b.* from board b
				
				<choose>
					<when test="field == 'title'">
						where board_title
					</when>
				
					<when test="field == 'cont'">
						where board_cont
					</when>
					
					<when test="field == 'writer'">
						where board_writer
					</when>
				</choose>
				
				<![CDATA[
						like '%' || #{keyword} || '%')
							where rnum >= #{startNo} and rnum <= #{endNo}
				]]>
				
	
	</select>
	
	

</mapper>