<?xml version="1.0" encoding="UTF-8"?>
<beans xmlns="http://www.springframework.org/schema/beans"
	xmlns:xsi="http://www.w3.org/2001/XMLSchema-instance"
	xsi:schemaLocation="http://www.springframework.org/schema/beans http://www.springframework.org/schema/beans/spring-beans.xsd">

	<bean id="hcar" class="com.spring.di05.HyundaiCar" />
	
	<bean id="kcar" class="com.spring.di05.KiaCar" />
	
	<bean id="scar" class="com.spring.di05.SamsungCar" />
	
	<bean id="impl" class="com.spring.di05.CarImpl">
		<constructor-arg>
			<ref bean="kcar"/>
		</constructor-arg>
	</bean>
	
</beans>
