<?xml version="1.0" encoding="UTF-8"?>
<beans xmlns="http://www.springframework.org/schema/beans"
	xmlns:xsi="http://www.w3.org/2001/XMLSchema-instance"
	xsi:schemaLocation="http://www.springframework.org/schema/beans http://www.springframework.org/schema/beans/spring-beans.xsd">

	<bean id="person1" class="com.spring.di04.Person">
		<constructor-arg value="홍길동" />
		<constructor-arg value="941212-1234567" />
		<constructor-arg value="남자" />
		<constructor-arg value="27" />
	</bean>
	
	<bean id="person2" class="com.spring.di04.Person">
		<property name="name" value="류관순" />
		<property name="juminNo" value="940717-2345678" />
		<property name="gender" value="여자" />
		<property name="age" value="19" />
	</bean>
	
	<bean id="info" class="com.spring.di04.PersonInfo">
		<constructor-arg>
			<ref bean="person2" />
		</constructor-arg>
	</bean>
	
</beans>
